[
  {
    "id": 0,
    "name": "0001"
  },
  {
    "id": 1,
    "name": "0002"
  },
  {
    "id": 2,
    "name": "0003"
  },
  {
    "id": 3,
    "name": "0004"
  },
  {
    "id": 4,
    "name": "0006"
  },
  {
    "id": 5,
    "name": "0008"
  },
  {
    "id": 6,
    "name": "0010"
  },
  {
    "id": 7,
    "name": "0011"
  },
  {
    "id": 8,
    "name": "0013"
  },
  {
    "id": 9,
    "name": "0014"
  },
  {
    "id": 10,
    "name": "0016"
  },
  {
    "id": 11,
    "name": "0018"
  },
  {
    "id": 12,
    "name": "0019"
  },
  {
    "id": 13,
    "name": "0020"
  },
  {
    "id": 14,
    "name": "0021"
  },
  {
    "id": 15,
    "name": "0022"
  },
  {
    "id": 16,
    "name": "0023"
  },
  {
    "id": 17,
    "name": "0024"
  },
  {
    "id": 18,
    "name": "0050"
  },
  {
    "id": 19,
    "name": "0052"
  },
  {
    "id": 20,
    "name": "0062"
  },
  {
    "id": 21,
    "name": "0072"
  },
  {
    "id": 22,
    "name": "0077"
  },
  {
    "id": 23,
    "name": "0079"
  },
  {
    "id": 24,
    "name": "0100"
  },
  {
    "id": 25,
    "name": "0101"
  },
  {
    "id": 26,
    "name": "0102"
  },
  {
    "id": 27,
    "name": "0105"
  },
  {
    "id": 28,
    "name": "0106"
  },
  {
    "id": 29,
    "name": "0107"
  },
  {
    "id": 30,
    "name": "0109"
  },
  {
    "id": 31,
    "name": "0110"
  },
  {
    "id": 32,
    "name": "0111"
  },
  {
    "id": 33,
    "name": "0112"
  },
  {
    "id": 34,
    "name": "0113"
  },
  {
    "id": 35,
    "name": "0115"
  },
  {
    "id": 36,
    "name": "0117"
  },
  {
    "id": 37,
    "name": "0118"
  },
  {
    "id": 38,
    "name": "0120"
  },
  {
    "id": 39,
    "name": "0122"
  },
  {
    "id": 40,
    "name": "0123"
  },
  {
    "id": 41,
    "name": "0124"
  },
  {
    "id": 42,
    "name": "0125"
  },
  {
    "id": 43,
    "name": "0127"
  },
  {
    "id": 44,
    "name": "0128"
  },
  {
    "id": 45,
    "name": "0129"
  },
  {
    "id": 46,
    "name": "0130"
  },
  {
    "id": 47,
    "name": "0131"
  },
  {
    "id": 48,
    "name": "0132"
  },
  {
    "id": 49,
    "name": "0133"
  },
  {
    "id": 50,
    "name": "0134"
  },
  {
    "id": 51,
    "name": "0135"
  },
  {
    "id": 52,
    "name": "0137"
  },
  {
    "id": 53,
    "name": "0138"
  },
  {
    "id": 54,
    "name": "0139"
  },
  {
    "id": 55,
    "name": "0141"
  },
  {
    "id": 56,
    "name": "0142"
  },
  {
    "id": 57,
    "name": "0143"
  },
  {
    "id": 58,
    "name": "0144"
  },
  {
    "id": 59,
    "name": "0145"
  },
  {
    "id": 60,
    "name": "0151"
  },
  {
    "id": 61,
    "name": "0152"
  },
  {
    "id": 62,
    "name": "0153"
  },
  {
    "id": 63,
    "name": "0154"
  },
  {
    "id": 64,
    "name": "0155"
  },
  {
    "id": 65,
    "name": "0158"
  },
  {
    "id": 66,
    "name": "0159"
  },
  {
    "id": 67,
    "name": "0161"
  },
  {
    "id": 68,
    "name": "0162"
  },
  {
    "id": 69,
    "name": "0163"
  },
  {
    "id": 70,
    "name": "0164"
  },
  {
    "id": 71,
    "name": "0166"
  },
  {
    "id": 72,
    "name": "0168"
  },
  {
    "id": 73,
    "name": "0169"
  },
  {
    "id": 74,
    "name": "0171"
  },
  {
    "id": 75,
    "name": "0172"
  },
  {
    "id": 76,
    "name": "0173"
  },
  {
    "id": 77,
    "name": "0174"
  },
  {
    "id": 78,
    "name": "0175"
  },
  {
    "id": 79,
    "name": "0178"
  },
  {
    "id": 80,
    "name": "0179"
  },
  {
    "id": 81,
    "name": "0181"
  },
  {
    "id": 82,
    "name": "0182"
  },
  {
    "id": 83,
    "name": "0183"
  },
  {
    "id": 84,
    "name": "0184"
  },
  {
    "id": 85,
    "name": "0193"
  },
  {
    "id": 86,
    "name": "0194"
  },
  {
    "id": 87,
    "name": "0201"
  },
  {
    "id": 88,
    "name": "0202"
  },
  {
    "id": 89,
    "name": "0203"
  },
  {
    "id": 90,
    "name": "0204"
  },
  {
    "id": 91,
    "name": "0207"
  },
  {
    "id": 92,
    "name": "0208"
  },
  {
    "id": 93,
    "name": "0209"
  },
  {
    "id": 94,
    "name": "0210"
  },
  {
    "id": 95,
    "name": "0211"
  },
  {
    "id": 96,
    "name": "0212"
  },
  {
    "id": 97,
    "name": "0213"
  },
  {
    "id": 98,
    "name": "0214"
  },
  {
    "id": 99,
    "name": "0215"
  },
  {
    "id": 100,
    "name": "0217"
  },
  {
    "id": 101,
    "name": "0218"
  },
  {
    "id": 102,
    "name": "0220"
  },
  {
    "id": 103,
    "name": "0221"
  },
  {
    "id": 104,
    "name": "0222"
  },
  {
    "id": 105,
    "name": "0223"
  },
  {
    "id": 106,
    "name": "0224"
  },
  {
    "id": 107,
    "name": "0225"
  },
  {
    "id": 108,
    "name": "0226"
  },
  {
    "id": 109,
    "name": "0227"
  },
  {
    "id": 110,
    "name": "0229"
  },
  {
    "id": 111,
    "name": "0230"
  },
  {
    "id": 112,
    "name": "0232"
  },
  {
    "id": 113,
    "name": "0233"
  },
  {
    "id": 114,
    "name": "0234"
  },
  {
    "id": 115,
    "name": "0235"
  },
  {
    "id": 116,
    "name": "0237"
  },
  {
    "id": 117,
    "name": "0238"
  },
  {
    "id": 118,
    "name": "0239"
  },
  {
    "id": 119,
    "name": "0240"
  },
  {
    "id": 120,
    "name": "0242"
  },
  {
    "id": 121,
    "name": "0243"
  },
  {
    "id": 122,
    "name": "0244"
  },
  {
    "id": 123,
    "name": "0245"
  },
  {
    "id": 124,
    "name": "0247"
  },
  {
    "id": 125,
    "name": "0248"
  },
  {
    "id": 126,
    "name": "0249"
  },
  {
    "id": 127,
    "name": "0250"
  },
  {
    "id": 128,
    "name": "0252"
  },
  {
    "id": 129,
    "name": "0253"
  },
  {
    "id": 130,
    "name": "0255"
  },
  {
    "id": 131,
    "name": "0257"
  },
  {
    "id": 132,
    "name": "0258"
  },
  {
    "id": 133,
    "name": "0259"
  },
  {
    "id": 134,
    "name": "0260"
  },
  {
    "id": 135,
    "name": "0263"
  },
  {
    "id": 136,
    "name": "0265"
  },
  {
    "id": 137,
    "name": "0267"
  },
  {
    "id": 138,
    "name": "0268"
  },
  {
    "id": 139,
    "name": "0269"
  },
  {
    "id": 140,
    "name": "0270"
  },
  {
    "id": 141,
    "name": "0273"
  },
  {
    "id": 142,
    "name": "0275"
  },
  {
    "id": 143,
    "name": "0277"
  },
  {
    "id": 144,
    "name": "0278"
  },
  {
    "id": 145,
    "name": "0280"
  },
  {
    "id": 146,
    "name": "0283"
  },
  {
    "id": 147,
    "name": "0285"
  },
  {
    "id": 148,
    "name": "0287"
  },
  {
    "id": 149,
    "name": "0292"
  },
  {
    "id": 150,
    "name": "0297"
  },
  {
    "id": 151,
    "name": "0301"
  },
  {
    "id": 152,
    "name": "0304"
  },
  {
    "id": 153,
    "name": "0405"
  },
  {
    "id": 154,
    "name": "0409"
  },
  {
    "id": 155,
    "name": "0412"
  },
  {
    "id": 156,
    "name": "0422"
  },
  {
    "id": 157,
    "name": "0424"
  },
  {
    "id": 158,
    "name": "0429"
  },
  {
    "id": 159,
    "name": "0439"
  },
  {
    "id": 160,
    "name": "0451"
  },
  {
    "id": 161,
    "name": "0482"
  },
  {
    "id": 162,
    "name": "0501"
  },
  {
    "id": 163,
    "name": "0502"
  },
  {
    "id": 164,
    "name": "0503"
  },
  {
    "id": 165,
    "name": "0504"
  },
  {
    "id": 166,
    "name": "0572"
  },
  {
    "id": 167,
    "name": "0601"
  },
  {
    "id": 168,
    "name": "0605"
  },
  {
    "id": 169,
    "name": "0608"
  },
  {
    "id": 170,
    "name": "0610"
  },
  {
    "id": 171,
    "name": "0618"
  },
  {
    "id": 172,
    "name": "0637"
  },
  {
    "id": 173,
    "name": "0642"
  },
  {
    "id": 174,
    "name": "0643"
  },
  {
    "id": 175,
    "name": "0714"
  },
  {
    "id": 176,
    "name": "0774"
  },
  {
    "id": 177,
    "name": "0902"
  },
  {
    "id": 178,
    "name": "0903"
  },
  {
    "id": 179,
    "name": "0904"
  },
  {
    "id": 180,
    "name": "0915"
  }
]